ANN;Huynh
ANN;Le
ANN;Mac
ANN;Ng
ANN;Nguyen
ANN;Nguyen
ANN;Nguyen-Dinh
ANN;Nguyen-Khoa
ANN;Nguyen-Tan
ANN;Pham
ANN;Tran
ANN;Trinh
ARK;Aung-Hla
ARK;Aung-San
ARK;Hla-Thein
ARK;Khin-Nyunt
ARK;Khun-Sa
ARK;Kwan-Kywa
ARK;Maung-Gyi
ARK;Maung-Win
ARK;Min-Tun
ARK;Ohn-Myint
ARK;Sein-Win
ARK;Than-Htay
ARK;Thet-Naung
ARK;U-Nu
ASS;Al Altan
ASS;Qori Buqa
ASS;Mongke Temur
ASS;Qutugh
ASS;Oyugun
ASS;Vachir
ASS;Arslan
ASS;Burilgi
ASS;Tolui
ASS;Unegen
ATJ;Abdulfatah
ATJ;Ahmad
ATJ;Amir
ATJ;Anwar
ATJ;Azmi
ATJ;Batuta
ATJ;Chairul
ATJ;Hamzah
ATJ;Hasanuddin
ATJ;Ibnu
ATJ;Kyai
ATJ;Mahat
ATJ;Mukhtar
ATJ;Najamuddin
ATJ;Natzar
ATJ;Nazmizan
ATJ;Roem
ATJ;Syarifuddin
ATJ;Zulkifli
AYU;Akradej
AYU;Ariyanuntaka
AYU;Boonmee
AYU;Chaipatana
AYU;Chakrabonse
AYU;Chuasiriporn
AYU;Diskul
AYU;Ekaluck
AYU;Hitapot
AYU;Inchareon
AYU;Kawrungruang
AYU;Khuntilanont
AYU;Klinpraneet
AYU;Kriangsak
AYU;Monkoltham
AYU;Nitpattanasai
AYU;Noppachorn
AYU;Nut
AYU;Panomyaong
AYU;Phatipatanawong
AYU;Sitdhirasdr
AYU;Sivaraksa
AYU;Srichure
AYU;Supachai
AYU;Supasawat
AYU;Tantasatityanon
AYU;Thabchumpon
AYU;Tomson
AYU;Wongrutiyan
AYU;Yongchaiyudh
AZT;Coatiquatl
AZT;Toltec
BAL;Baloch
BAL;Basham
BAL;Chakar
BAL;Daqid
BAL;Dashti
BAL;Iqobal
BAL;Nasir
BAL;Rais
BAL;Sarbaz
BAN;Ademola
BAN;Bantu
BAN;Chipo
BAN;Dingiswayo
BAN;Edegbe
BAN;Kwame
BAN;Mpho
BAN;Njabulo
BAN;Odayon
BAN;Oghogho
BAN;Okoko
BAN;Okoro
BAN;Osahon
BAN;Sembene
BAN;Senzangakona
BAN;Sesanti
BAN;Shaka
BAN;Thabo
BAN;Umukoko
BAN;Umukoro
BAN;Vuyo
BAY;Amann
BAY;Andrian
BAY;Armansperg
BAY;Asch
BAY;Auer
BAY;Bach
BAY;Benzel
BAY;Berchem
BAY;Bernclau
BAY;Besserer
BAY;Brunnenmaier
BAY;Büllinger
BAY;Burgau
BAY;Caspers
BAY;Daumiller
BAY;Derschau
BAY;Donnersberg
BAY;Ebner
BAY;Erbach
BAY;Erlach
BAY;Esebeck
BAY;Fugger
BAY;Fürstenwärther
BAY;Gravenreuth
BAY;Griesenbeck
BAY;Gumppenberg
BAY;Gundelfinger
BAY;Guttenberg
BAY;Haake
BAY;Hafenbrädl
BAY;Hagens
BAY;Hannet
BAY;Harold
BAY;Harscher
BAY;Hautmann
BAY;Heeg
BAY;Heinrichen
BAY;Hertling
BAY;Hirschberg
BAY;Hofstetten
BAY;Hohenhausen
BAY;Horneck
BAY;Hornstein
BAY;Imhof
BAY;Janson
BAY;Kaltenthal
BAY;Karg
BAY;Kern
BAY;Kleudchen
BAY;Kreith
BAY;Künsberg
BAY;Lassberg
BAY;Leiningen
BAY;Leistner
BAY;Leoprechting
BAY;Lerchenfeld
BAY;Lilgenau
BAY;Lüneschloß
BAY;Magerl
BAY;Mailinger
BAY;Markreiter
BAY;Massenbach
BAY;Mendel
BAY;Michel
BAY;Momm
BAY;Morawitzky
BAY;Münster
BAY;Oelhafen
BAY;Ortenburg
BAY;Oswald
BAY;Otten
BAY;Pechmann
BAY;Pfetten
BAY;Pfretschner
BAY;Preysing
BAY;Rechberg
BAY;Reibeld
BAY;Reichel
BAY;Reichlin
BAY;Reichmann
BAY;Reider
BAY;Reigersberg
BAY;Reinach
BAY;Reitzenstein
BAY;Rogister
BAY;Romaier
BAY;Rummel
BAY;Satzenhofen
BAY;Sauer
BAY;Schedel
BAY;Scherer
BAY;Schintling
BAY;Schmid
BAY;Schwachheim
BAY;Seckendorf
BAY;Seiboltsdorf
BAY;Seyssel
BAY;Spaur
BAY;Spitzl
BAY;Stengel
BAY;Strommer
BAY;Stubenrauch
BAY;Tauffkirchen
BAY;Taxis
BAY;Thonus
BAY;Treuberg
BAY;Truchsess
BAY;Vallade
BAY;Verger
BAY;Vieregg
BAY;Vollkammer
BAY;Wagner
BAY;Weinbach
BAY;Widnmann
BAY;Xylander
BAY;Ysenburg
BAY;Zandt
BAY;Zech
BAY;Zintl
BAY;Zoller
BEI;Abdulfatah
BEI;Ahmad
BEI;Amir
BEI;Anwar
BEI;Azmi
BEI;Batuta
BEI;Chairul
BEI;Hamzah
BEI;Hasanuddin
BEI;Ibnu
BEI;Kyai
BEI;Mahat
BEI;Mukhtar
BEI;Najamuddin
BEI;Natzar
BEI;Nazmizan
BEI;Roem
BEI;Syarifuddin
BEI;Zulkifli
BGL;Bose
BGL;Das
BGL;Debshikdar
BGL;Majumdar
BGL;Roy
BGL;Sen
BOH;Vartenberk
BOH;Rozmberk
BOH;Lobkovic
BOH;Zerotin
BOH;z Dubé
BOH;Švamberk
BOH;Rýzmberk
BOH;z Lipé
BOH;z Lomnice
BOH;Martinic
BOH;Kolovrat
BOH;Šternberk
BOH;z Hradce
BOH;Cimburk
BOH;Pernštejn
BOH;z Rozmitálu
BOH;z Kravar
BRA;Alvensleben
BRA;Anhalt
BRA;Anhalt-Dessau
BRA;Anhalt-Köthen
BRA;Arnim
BRA;Baden
BRA;Bayern
BRA;Below
BRA;Bentheim
BRA;Berger
BRA;Bismarck
BRA;Blanckensee
BRA;Blumenthal
BRA;Bonin
BRA;Borcke
BRA;Bornstedt
BRA;Borstell
BRA;Brandenburg
BRA;Brandenburg-Schwedt
BRA;Brandenstein
BRA;Brauchitsch
BRA;Braunschweig
BRA;Braunschweig-Lüneburg
BRA;Bredow
BRA;Buddenbrock
BRA;Bülow
BRA;Czettritz
BRA;Dewitz
BRA;Dohna
BRA;Dönhoff
BRA;Frankenberg
BRA;Gayl
BRA;Gersdorff
BRA;Gilsa
BRA;Goetze
BRA;Goltz
BRA;Graevenitz
BRA;Groeben
BRA;Hagen
BRA;Hake
BRA;Hartmann
BRA;Hertzberg
BRA;Hessen
BRA;Hessen-Kassel
BRA;Heyden
BRA;Hiller
BRA;Hirschfeld
BRA;Hoffmann
BRA;Hohenlohe
BRA;Hohenzollern
BRA;Holleben
BRA;Horn
BRA;Hülsen
BRA;Kalckreuth
BRA;Kameke
BRA;Katte
BRA;Kleist
BRA;Knobelsdorff
BRA;Knobloch
BRA;Krafft
BRA;Krosigk
BRA;Larisch
BRA;Legat
BRA;Lüderitz
BRA;Lützow
BRA;Lyncker
BRA;Manstein
BRA;Marschall
BRA;Marwitz
BRA;Massow
BRA;Mecklenburg
BRA;Müller
BRA;Natzmer
BRA;Neumann
BRA;Osten
BRA;Österreich
BRA;Pannwitz
BRA;Pfuel
BRA;Pirch
BRA;Platen
BRA;Ploetz
BRA;Podewils
BRA;Preußen
BRA;Prittwitz
BRA;Puttkamer
BRA;Rauch
BRA;Reitzenstein
BRA;Reuß
BRA;Roeder
BRA;Rohr
BRA;Rosenberg
BRA;Rußland
BRA;Sachsen
BRA;Sachsen-Altenburg
BRA;Schack
BRA;Schlegel
BRA;Schleswig-Holstein
BRA;Schmettau
BRA;Schmidt
BRA;Schoeler
BRA;Schöning
BRA;Schulenburg
BRA;Schulz
BRA;Schwarzburg
BRA;Schwerin
BRA;Solms
BRA;Solms-Braunfels
BRA;Sommerfeld
BRA;Stein
BRA;Strantz
BRA;Stülpnagel
BRA;Stutterheim
BRA;Sydow
BRA;Thile
BRA;Tresckow
BRA;Trotha
BRA;Truchseß v. Waldburg
BRA;Waldow
BRA;Wangenheim
BRA;Wartensleben
BRA;Wedel
BRA;Werder
BRA;Winterfeldt
BRA;Witzleben
BRA;Woyna
BRA;Württemberg
BRA;Wylich
BRA;Zastrow
BRA;Zieten
BRA;Zimmermann
BRI;Barres
BRI;Bolain
BRI;Bonal
BRI;Borgne
BRI;Cabaas
BRI;Clarembault
BRI;Guesquelin
BRI;Gyquen
BRI;de Loyac
BRI;de Maurre
BRI;de Rieus
BRI;de Rochefort
BRI;La Rajasse
BRI;Rogy
BRI;Soillye
BRI;Syon
BRI;Thorin
BUL;Balina
BUL;Djordjic
BUL;Dobrovski
BUL;Frujin
BUL;Karposh
BUL;Konstantin
BUL;Marinov
BUL;Peyachevich
BUL;Radic
BUL;Rali
BUL;Shishman
BUL;Sorkochovich
BUL;Strahil
BUL;Stratimirovich
BYZ;Ionnes
BYZ;Theodorus
BYZ;Stephanus
BYZ;Georgius
BYZ;Petrus
BYZ;Paulus
BYZ;Sergius
BYZ;Menas
BYZ;Constantinus
BYZ;Theodosius
BYZ;Iulianus
BYZ;Leontius
BYZ;Anastasius
BYZ;Thomas
BYZ;Andreas
BYZ;Cosmas
BYZ;Gregorius
BYZ;Leo
BYZ;Alexander
BYZ;Phoebammon
BYZ;Dorotheus
BYZ;Elias
BYZ;Marinus
BYZ;Narses
BYZ;Victor
BYZ;Callinicus
BYZ;Cyrus
BYZ;Germanus
BYZ;Eustathius
BYZ;Michael
BYZ;Zacharias
BYZ;Iustinus
BYZ;Nicetas
BYZ;Theophylactus
BYZ;Athanasius
BYZ;Basilius
BYZ;Comitas
BYZ;Romanus
BYZ;Theodotus
BYZ;Anatolius
BYZ;Eusebius
BYZ;Felix
BYZ;Isidorus
BYZ;Marcellus
BYZ;Marianus
BYZ;Marcianus
BYZ;Patricius
BYZ;Strategius
BYZ;Bonus
BYZ;Damianus
BYZ;Demetrius
BYZ;Isaac
BYZ;Rufinus
BYZ;Theopemptus
BYZ;Dioscorus
BYZ;Gabriel
BYZ;Iustus
BYZ;Marcus
BYZ;Mauricius
BYZ;Procopius
BYZ;Abramius
BYZ;Ammonianus
BYZ;Laurentius
BYZ;Maximus
BYZ;Phillippus
BYZ;Philoxenus
BYZ;Phocas
BYZ;Asterius
BYZ;David
BYZ;Diogenes
BYZ;Gennadius
BYZ;Heraclius
BYZ;Honorius
BYZ;Iacobus
BYZ;Iustinianus
BYZ;Olympius
BYZ;Palladius
BYZ;Probus
BYZ;Albinus
BYZ;Antiochus
BYZ;Faustus
BYZ;Florentius
BYZ;Ioseph
BYZ;Marcellinus
BYZ;Martinus
BYZ;Nicolaus
BYZ;Nonnus
BYZ;Photius
BYZ;Plato
BYZ;Ptolemaeus
BYZ;Rusticus
BYZ;Timotheus
BYZ;Valentinus
BYZ;Acacius
BYZ;Aemilianus
BYZ;Andronicus
BYZ;Areobindus
BYZ;Colluthus
BYZ;Cyrillus
BYZ;Dionysius
BYZ;Epiphanius
BYZ;Gerontius
BYZ;Longinus
BYZ;Philagrius
BYZ;Priscus
BYZ;Serenus
BYZ;Solomon
BYZ;Symeon
BYZ;Theoctistus
BYZ;Theodoricus
BYZ;Valerianus
BYZ;Venantius
BYZ;Apion
BYZ;Armentarius
BYZ;Asclepius
BYZ;Bassus
BYZ;Bonifatius
BYZ;Christophorus
BYZ;Demosthenes
BYZ;Desiderius
BYZ;Dynamius
BYZ;Eutychianus
BYZ;Hadrianus
BYZ;Iordanes
BYZ;Macedonius
BYZ;Maurianus
BYZ;Nicephorus
BYZ;Samuel
BYZ;Severus
BYZ;Sisinnius
BYZ;Tatianus
BYZ;Taurinus
BYZ;Theophanes
BYZ;Theophilius
BYZ;Traianus
BYZ;Tribunas
BYZ;Vitalius
BYZ;Zemarchus
BYZ;Anthemius
BYZ;Archelaus
BYZ;Asclepiodotus
BYZ;Belisarius
BYZ;Claudius
BYZ;Conon
BYZ;Deusdedit
BYZ;Diomedes
BYZ;Domitius
BYZ;Ennodius
BYZ;Eugenius
BYZ;Eulogius
BYZ;Euphemius
BYZ;Flavianus
BYZ;Florentinus
BYZ;Hypatius
BYZ;Lucinus
BYZ;Macrobius
BYZ;Manuel
BYZ;Moschus
BYZ;Olybrius
BYZ;Pastor
BYZ;Paulinus
BYZ;Scholasticus
BYZ;Sebastianus
BYZ;Soterichus
BYZ;Symmachus
BYZ;Theodulus
BYZ;Tiberius
BYZ;Trolius
BYZ;Tryphon
BYZ;Valerius
BYZ;Vasacius
BYZ;Vitalianus
BYZ;Zeno
BYZ;Ablabius
BYZ;Abundanitus
BYZ;Acindynus
BYZ;Agapetus
BYZ;Agnellus
BYZ;Ampelius
BYZ;Anthimus
BYZ;Aphthonius
BYZ;Apollinarius
BYZ;Aristomachus
BYZ;Armatus
BYZ;Arsaphius
BYZ;Aurelianus
BYZ;Bacchus
BYZ;Baduaruis
BYZ;Boethius
BYZ;Caesarius
BYZ;Calopodius
BYZ;Carellus
BYZ;Carinus
BYZ;Comentas
BYZ;Comentiolus
BYZ;Daniel
BYZ;Decius
BYZ;Deuterius
BYZ;Domnicus
BYZ;Donatus
BYZ;Dulcitius
BYZ;Elpidius
BYZ;Eudaemon
BYZ;Faustinus
BYZ;Florus
BYZ;Fortunatus
BYZ;Gallus
BYZ;Gregoras
BYZ;Hermongenes
BYZ;Hilarius
BYZ;Ianuarius
BYZ;Innocentius
BYZ;Iovinus
BYZ;Lazarus
BYZ;Magnus
BYZ;Martinianus
BYZ;Maurentius
BYZ;Maurus
BYZ;Megas
BYZ;Nicetius
BYZ;Nilus
BYZ;Olympiodorus
BYZ;Opilio
BYZ;Paschalis
BYZ;Petronius
BYZ;Philippicus
BYZ;Photinus
BYZ;Pompeius
BYZ;Praesentinus
BYZ;Sarapion
BYZ;Simplicius
BYZ;Stauracius
BYZ;Syagrius
BYZ;Theodoracius
BYZ;Theodoretus
BYZ;Theogenius
BYZ;Tribonianus
BYZ;Tzittas
BYZ;Vaanes
BYZ;Vigilius
BYZ;Ziper
BYZ;Zoilus
BYZ;Aeneas
BYZ;Aetherius
BYZ;Agricola
BYZ;Amantius
BYZ;Anatolicus
BYZ;Antoninus
BYZ;Antonius
BYZ;Apollos
BYZ;Aquila
BYZ;Aristobulus
BYZ;Armenius
BYZ;Arsenius
BYZ;Asbadus
BYZ;Attalus
BYZ;Auxitius
BYZ;Avienus
BYZ;Bacauda
BYZ;Barbatus
BYZ;Batzas
BYZ;Beatus
BYZ;Beppolenus
BYZ;Bonosus
BYZ;Callistus
BYZ;Celsus
BYZ;Charegiselus
BYZ;Chilbudius
BYZ;Clementinus
BYZ;Comitiolus
BYZ;Constantianus
BYZ;Constantinianus
BYZ;Constantius
BYZ;Cyricus
BYZ;Ddymus
BYZ;Domentziolus
BYZ;Domninus
BYZ;Domnitziolus
BYZ;Donus
BYZ;Droserius
BYZ;Eudoxius
BYZ;Eulalius
BYZ;Eulampius
BYZ;Eupatarius
BYZ;Euphratas
BYZ;Euphronius
BYZ;Eustochius
BYZ;Eustratius
BYZ;Euthalius
BYZ;Eutolmius
BYZ;Eutychius
BYZ;Firminus
BYZ;Francio
BYZ;Fronto
BYZ;Genethlius
BYZ;Godilas
BYZ;Helias
BYZ;Helladius
BYZ;Hermias
BYZ;Herodianus
BYZ;Himerius
BYZ;Honoratus
BYZ;Ionnacius
BYZ;Iovivus
BYZ;Irenaeus
BYZ;Iulius
BYZ;Marius
BYZ;Marthanes
BYZ;Martyrius
BYZ;Maruthus
BYZ;Maurinus
BYZ;Maxentius
BYZ;Maximianus
BYZ;Maximinus
BYZ;Megistus
BYZ;Melminius
BYZ;Menander
BYZ;Menelaus
BYZ;Mercurius
BYZ;Musonius
BYZ;Nazares
BYZ;Nonnosus
BYZ;Pamphilus
BYZ;Pancratius
BYZ;Pantagathus
BYZ;Papirius
BYZ;Pardus
BYZ;Parthenius
BYZ;Paternus
BYZ;Pegarius
BYZ;Pelagius
BYZ;Perigenes
BYZ;Petronas
BYZ;Philaretus
BYZ;Placidus
BYZ;Plutinus
BYZ;Praetextatus
BYZ;Principius
BYZ;Rogatus
BYZ;Romulus
BYZ;Rusticius
BYZ;Sarapammon
BYZ;Saturninus
BYZ;Senuthius
BYZ;Severianus
BYZ;Severinus
BYZ;Sittas
BYZ;Smaragdus
BYZ;Speciosus
BYZ;Synesius
BYZ;Taurus
BYZ;Theocharistus
BYZ;Theon
BYZ;Theotimus
BYZ;Trasaricus
BYZ;Tribunus
BYZ;Tullianus
BYZ;Varazes
BYZ;Venerandus
BYZ;Viator
BYZ;Virus
BYZ;Vrbicus
BYZ;Zenobius
CAM;Ang
CAM;Au
CAM;Bou
CAM;Bun
CAM;Chan
CAM;Chey
CAM;Chhor
CAM;Chuon
CAM;Duong
CAM;Haing
CAM;Im
CAM;Keo
CAM;Kim
CAM;Kun
CAM;Lee
CAM;Lim
CAM;Nhem
CAM;Norodom
CAM;Nuth
CAM;Ou
CAM;San
CAM;Sik
CAM;Sin
CAM;Sisowath
CAM;Sok
CAM;Sor
CAM;Uch
CAM;Sotpeak
CAM;Vann
CHA;Che
CHA;Lang
CHA;Ma
CHA;Ong
CHA;Sam
CHA;Tra
CHI;Chen
CHI;Huang
CHI;Li
CHI;Lin
CHI;Liu
CHI;Wang
CHI;Wu
CHI;Yang
CHI;Zhang
CHI;Zhao
CRO;Babonic
CRO;Morovic
CRO;Vukcic
CRO;Frankopan
CRO;Zrinski
CRO;Kruzevic
CRO;Berislavic
CRO;Rukavina
CRO;Bacani
CRO;Mestrovic
CRO;Jurjevic
CRO;Erdödy
CRO;Lackovic
CRO;Keglevic
DAI;Cao
DAI;Dang
DAI;Doan
DAI;Hoang
DAI;Huynh
DAI;Lam
DAI;Le
DAI;Ly
DAI;Ng
DAI;Nguyen
DAI;Nguyen-Dinh
DAI;Nguyen-Khoa
DAI;Pham
DAI;Tran
DAI;Tran-Dinh
DAI;Tran-Nhu
DAI;Tran-Thanh
DAI;Trinh
DAI;Truong
DAI;Vu
DAN;Tønder
DAN;Von Schleswig
DAN;Von Holstein
DAN;Sørensen
DAN;Rodby
DAN;Lingby
DAN;Elseneur
DAN;Hansen
DAN;Ejby
DAN;Christiansen
DAN;Jensen
DAN;Eriksen
DAN;Povlsen
DAN;Kvist
DAN;Pedersen
DAN;Løvenskiold
DAN;Lund
DAN;Liljeholm
DAN;Vang
DAN;Smidt
DAN;Fasting
DAN;Hegelsen
DAN;Oldrup
DAN;Skjerbæk
DAN;Ravning
DAN;Hartmann
DAN;Stenbæk
DAN;Falkenberg
DAN;Wammen
DAN;Krarup
DAN;Kirkegaard
DAN;Binderup
DAN;Østergaard
DAN;Gyldenløve
DAN;Rosenkrantz
DAN;Æbeltoft
DAN;Bjærregaard
DAN;Ebbesen
DEL;Bhutto
DEL;Jahan
DEL;Khan
DEL;Lodi
DEL;Musharif
DEL;Nagar
DEL;Nazimuddin
DEL;Ra'ana
DEL;Sharif
DEL;Sinan
DEL;Singh
DEL;Viqar-ul-Mulk
EIR;Aherne
EIR;Aylward
EIR;Bailey
EIR;Baker
EIR;Barrett
EIR;Barry
EIR;Bennett
EIR;Boyle
EIR;Brady
EIR;Breen
EIR;Brennan
EIR;Brogan
EIR;Brophy
EIR;Browne
EIR;Burke
EIR;Burns
EIR;Butler
EIR;Butter
EIR;Byrne
EIR;Cahill
EIR;Callahan
EIR;Carey
EIR;Carmody
EIR;Carolan
EIR;Carroll
EIR;Casey
EIR;Cassidy
EIR;Cavender
EIR;Cian
EIR;Clancy
EIR;Cleary
EIR;Collins
EIR;Conlon
EIR;Conner
EIR;Connolly
EIR;Conway
EIR;Corcoran
EIR;Costello
EIR;Coughlan
EIR;Cronins
EIR;Crowley
EIR;Cullen
EIR;Curran
EIR;Currie
EIR;Curtin
EIR;Daly
EIR;Delaney
EIR;Dempsey
EIR;Dennehy
EIR;Dillon
EIR;Dinneen
EIR;Doherty
EIR;Delaney
EIR;Dolan
EIR;Donnelly
EIR;Doran
EIR;Dougherty
EIR;Dowd
EIR;Dowling
EIR;Doyle
EIR;Driscoll
EIR;Duffy
EIR;Duggan
EIR;Dunn
EIR;Dwyer
EIR;Egan
EIR;Fahy
EIR;Fanning
EIR;Farrell
EIR;Finnegan
EIR;Fitzgerald
EIR;Fitzgibbon
EIR;Fitzpatrick
EIR;Flauerty
EIR;Flanagan
EIR;Flynn
EIR;Fox
EIR;Gallagher
EIR;Gerry
EIR;Glennon
EIR;Gorman
EIR;Griffin
EIR;Hagan
EIR;Hannon
EIR;Harrington
EIR;Hayes
EIR;Hegarty
EIR;Hennessy
EIR;Hickey
EIR;Higgins
EIR;Hogan
EIR;Holden
EIR;Hurley
EIR;Irwin
EIR;Jordan
EIR;Joyce
EIR;Kavanaugh
EIR;Keane
EIR;Kearney
EIR;Keating
EIR;Kelly
EIR;Kennedy
EIR;Keogh
EIR;Kidd
EIR;Kiely
EIR;King
EIR;Laydon
EIR;Leahy
EIR;Leary
EIR;Lucas
EIR;Lynch
EIR;Madden
EIR;Magee
EIR;Maher
EIR;Malone
EIR;Maloney
EIR;Maguire
EIR;Martin
EIR;McCabe
EIR;McCann
EIR;McCarthy
EIR;McConnell
EIR;McCullogh
EIR;McDermot
EIR;McDonagh
EIR;McDonnell
EIR;McEnery
EIR;McEvoy
EIR;McGillycuddy
EIR;McGovern
EIR;McGrane
EIR;McGrath
EIR;McGuinness
EIR;McHugh
EIR;McKenna
EIR;McKeon
EIR;McLoughlin
EIR;McMahon
EIR;McManus
EIR;McNally
EIR;McNamara
EIR;McShane
EIR;Meehan
EIR;Mills
EIR;Molloy
EIR;Moloney
EIR;Monaghan
EIR;Mooney
EIR;Moran
EIR;Moriarty
EIR;Morris
EIR;Mullan
EIR;Mullin
EIR;Murphy
EIR;Nolan
EIR;O'Brien
EIR;O'Callaghan
EIR;O'Connell
EIR;O'Connor
EIR;O'Crotty
EIR;O'Donnell
EIR;O'Donoghue
EIR;O'Donovan
EIR;O'Hanlon
EIR;O'Hara
EIR;O'Keeffe
EIR;O'Mahoney
EIR;O'Murphey
EIR;O'Neill
EIR;O'Reilly
EIR;O'Rourke
EIR;O'Shea
EIR;O'Sullivan
EIR;O'Toole
EIR;Phillips
EIR;Power
EIR;Quigley
EIR;Quinn
EIR;Redmond
EIR;Regan
EIR;Reynolds
EIR;Riley
EIR;Riordan
EIR;Roberts
EIR;Roche
EIR;Ryan
EIR;Shanahan
EIR;Sheehan
EIR;Sheridan
EIR;Shields
EIR;Smith
EIR;Stafford
EIR;Sullivan
EIR;Sweeney
EIR;Talbot
EIR;Tobin
EIR;Walsh
EIR;Whelan
EIR;Wood
ENG;Devon
ENG;Arundel
ENG;Northumberland
ENG;Shrewsbury
ENG;Surrey
ENG;Derby
ENG;Worcester
ENG;Rutland
ENG;Hertford
ENG;Bedford
ENG;Wiltshire
ENG;Pembrooke
ENG;Lincoln
ENG;Suffolk
ENG;Exeter
ENG;Salisbury
ENG;Montgomery
ENG;Northampton
ENG;Devonshire
ENG;Denbigh
ENG;Westmorland
ENG;Manchester
ENG;Berkshire
ENG;Lindsey
ENG;Stamford
ENG;Winchilsea
ENG;Sunderland
ENG;Norfolk
ENG;Sandwich
ENG;Essex
ENG;Cardigan
ENG;Carlisle
ENG;Doncaster
ENG;Arlington
ENG;Shaftesbury
ENG;Euston
ENG;March
ENG;Burford
ENG;Nottingham
ENG;Abingdon
ENG;Marlborough
ENG;Portland
ENG;Scarborough
ENG;Albemarle
ENG;Coventry
ENG;Jersey
ENG;Cholmondeley
ENG;Beauchamp
ENG;Hereford
ENG;Cranborne
ENG;Mandeville
ENG;Grandison
ENG;Feilding
ENG;Andover
ENG;Maidstone
ENG;Hinchingbrooke
ENG;Malden
ENG;Howard
ENG;Thetford
ENG;Ipswich
ENG;Townshend
ENG;Weymouth
ENG;Woodstock
ENG;Dartford
ENG;Bury
ENG;Deerhurst
ENG;Malpas
ENG;De Ros
ENG;Le Despencer
ENG;Mowbray
ENG;Furnival
ENG;Hastings
ENG;Fauconberg
ENG;Segrave
ENG;FitzWalter
ENG;Clinton
ENG;De La Warr
ENG;Alnwick
ENG;De Clifford
ENG;Knokin
ENG;Botecourt
ENG;Haryngworth
ENG;Beaumont
ENG;Blackmere
ENG;Cobham
ENG;Audley
ENG;Willoughby
ENG;Strabolgi
ENG;Dacre
ENG;Ruthin
ENG;Maltravers
ENG;Talbot
ENG;Darcy
ENG;Poynings
ENG;Botreaux
ENG;Cromwell
ENG;Camoys
ENG;Codnor
ENG;Berkeley
ENG;Hungerford
ENG;Latymer
ENG;Dudley
ENG;De Moleyns
ENG;Saye
ENG;Sele
ENG;Stourton
ENG;Bergavenny
ENG;Berners
ENG;Stanley
ENG;Chepstow
ENG;Raglan
ENG;Gower
ENG;de Brooke
ENG;Ragland
ENG;Conyers
ENG;Herbert
ENG;Harrowden
ENG;Braye
ENG;Stanwell
ENG;Wentworth
ENG;Burgh
ENG;Chenies
ENG;Wharton
ENG;Seymour
ENG;Beaudesert
ENG;Cardiff
ENG;North
ENG;Effingham
ENG;Bletso
ENG;Basing
ENG;Burghley
ENG;De La Warr
ENG;Norreys
ENG;Walden
ENG;Essendon
ENG;Groby
ENG;Petre
ENG;Thornhaugh
ENG;Spencer
ENG;Wormleighton
ENG;Russel
ENG;Cavendish
ENG;Hardwick
ENG;Shurland
ENG;Clifton
ENG;Leighton
ENG;Bromswold
ENG;Dormer
ENG;Teynham
ENG;Montagu
ENG;Kimbolton
ENG;Feilding
ENG;Newnham
ENG;Paddox
ENG;Brooke
ENG;Beauchamps
ENG;Charlton
ENG;Burgersh
ENG;FitzAlan
ENG;Clun
ENG;Oswaldstree
ENG;Brudenell
ENG;Strange
ENG;Stafford
ENG;Capell
ENG;Hadham
ENG;Byron
ENG;Ward
ENG;Birmingham
ENG;Montagu
ENG;St. Neotts
ENG;Lynn
ENG;Regis
ENG;Dacre
ENG;Gillesland
ENG;Scott
ENG;Tynedale
ENG;Lucas
ENG;Crudwell
ENG;St. Liz
ENG;Arlington
ENG;Craven
ENG;Hamstead
ENG;Marshall
ENG;Arlington
ENG;Chudleigh
ENG;Cooper
ENG;Paulett
ENG;Sudbury
ENG;Finch
ENG;Daventry
ENG;Settrington
ENG;Heddington
ENG;Manners
ENG;Haddon
ENG;Lumley
ENG;Thynne
ENG;Guilford
ENG;Churchill
ENG;Sundridge
ENG;Waldegrave
ENG;Chewton
ENG;Cirencester
ENG;Cholmondeley
ENG;Namptwich
ENG;Howland
ENG;Streatham
ENG;Ashford
ENG;Barnard
ENG;Guernsey
ENG;Gower
ENG;Sittenham
ENG;Conway
ENG;Ragley
ENG;Hervey
ENG;Ickworth
FLA;Borluut
FLA;Dampierre
FLA;Deconinck
FLA;Goethals
FLA;Nevers
FLA;Penen
FLA;Van Bellegem
FLA;Van Gulik
FLA;Van Herstal
FLA;Van Leeuwergem
FLA;Van Lichtervelde
FLA;Van Nieuwland
FLA;Van Oudenaarde
FLA;Van Petershem
FLA;Van Raveschoot
FLA;Van Renesse
FLA;Breydel
FLA;De Coninck
FLA;De Hassenede
FLA;Van Hondschote
FLA;Van Popperode
FLA;Van Steenhuyse
FLA;Van Rijsel
FLA;Van Axel
FLA;Van Boenhem
FLA;Van Maldegem
FLA;de Wissoc
FLA;Van Gavere
FLA;Van Reinghersvliet
FLA;Van Uutkerke
FLA;Van Damme
FLA;Van Trille
FLA;Van Dale
FLA;Westerling
FLA;Ghiselinck
FLA;Van Groenenbergh
FLA;Van Praet
FLA;Van Ghemert
FLA;De Gembloux
FLA;De Tournai
FRA;Vendôme
FRA;Angoulême
FRA;Anjou
FRA;Châtellerault
FRA;Berry
FRA;Bourbonnais
FRA;Châtellerault
FRA;Guise
FRA;Auvergne
FRA;Châtellerault
FRA;Nivernais
FRA;Montpensier
FRA;Orléans
FRA;Angoulême
FRA;Châtellerault
FRA;Aumale
FRA;Montmorency
FRA;Albret
FRA;Alençon
FRA;Château-Thierry
FRA;Penthièvre
FRA;Evreux
FRA;Uzès
FRA;Mayenne
FRA;Mercoeur
FRA;Saint-Fargeau
FRA;Touraine
FRA;Joyeuse
FRA;Epernon
FRA;Rethelois
FRA;Piney
FRA;Retz
FRA;Elbeuf
FRA;Hallwin
FRA;Montbazon
FRA;Ventadour
FRA;Beaufort
FRA;Biron
FRA;Thouars
FRA;Auguillon
FRA;Rohan
FRA;Béthune-Sully
FRA;Fronsac
FRA;Montpensier
FRA;Damville
FRA;Hallwin
FRA;Châteauroux
FRA;Luynes
FRA;Lesdiguières
FRA;Brissac
FRA;Bellegarde
FRA;Chaulnes
FRA;Chartres
FRA;Chevreuse
FRA;Valois
FRA;Richelieu
FRA;La Valette
FRA;La Rochefoucauld
FRA;Montmorency
FRA;Puylaurens
FRA;Saint-Simon
FRA;La Force
FRA;Valentinois
FRA;Villars-Brancas
FRA;Verneuil
FRA;Estrées
FRA;Gramont
FRA;La Meilleraye
FRA;Mazarini
FRA;Rethelois
FRA;Villeroy
FRA;Mortemart
FRA;Poix
FRA;Saint-Aignan
FRA;Randan
FRA;La Rocheguyon
FRA;Tresmes
FRA;Noailles
FRA;Coislin
FRA;Montausier
FRA;Aumont
FRA;La Ferté-Senneterre
FRA;Choiseul
FRA;La Vallière
FRA;Nemours
FRA;Béthune-Charost
FRA;Saint-Cloud
FRA;Damville
FRA;Montpensier
FRA;Aumale
FRA;Penthièvre
FRA;Châteauvillain
FRA;Guise
FRA;Boufflers
FRA;Villars
FRA;Harcourt
FRA;Fitz-James
FRA;Antin
FRA;Rambouillet
FRA;Chaulnes
FRA;Joyeuse
FRA;Hostun
FRA;Valentinois
FRA;Roannais
FRA;Villars-Brancas
FRA;Lévis
FRA;La Vallière
FRA;Mercoeur
FRA;Fleury
FRA;Châtillon
FRA;Châteauroux
FRA;Gisors
FRA;Belle-Isle
FRA;Duras
FRA;La Vauguyon
FRA;Choiseul-Stainville
FRA;Praslin
FRA;Choiseul d'Amboise
FRA;Clermont-Tonnerre
FRA;Aubigny
FRA;Louvois
FRA;Brunoy
FRA;Amboise
FRA;Choiseul
FRA;Coigny
FRI;Adema
FRI;Adriani
FRI;Albada
FRI;Bartlema
FRI;Boukema
FRI;Deinum
FRI;Dekkinga
FRI;Dokum
FRI;Eisinga
FRI;Ferwerda
FRI;Gerbrandy
FRI;Gosses
FRI;Haukes
FRI;Holwerda
FRI;Idsarba
FRI;Jelsma
FRI;Jessema
FRI;Osinga
FRI;Rudolphi
FRI;Sikkes
FRI;Sipkens
FRI;Sybrandy
FRI;Tjaarda
FRI;Wumkes
FRI;Wybranda
FRI;Van Aylva
FRI;Van Eysinga
FRI;De Blocq van Scheltinga
FRI;Cammingha
FRI;Sirtema van Grovestins
FRI;Van Sytzama
FRI;Van Swinderen
FRI;Van Beyma
FRI;Van Sminia
FRI;Vegelin van Claerbergen
FRI;Sixma van Heemstra
FRI;Van Harinxma thoe Slooten
FRI;Van Haersma de With
FRI;Van Andringa de Kempenaer
FRI;Thoe Schwartzenberg en Hohenlandsberg
FRI;Van Welderen Rengers
FRI;Van Lynden
FRI;Lycklama a Nijeholt
FRI;Doedingha
FRI;Bockema
FRI;Sickinga
FRI;Burmania
GEL;Van Rheden
GEL;Van Baer
GEL;Van Meurs
GEL;Van Bronckhorst
GEL;Van Den Bergh
GEL;Van Zuylen
GEL;Van Kleef
GEL;Van Egmond
GEL;Van Buren
GEL;Van Bronckhorst-Batenburg
GEL;Van Bronckhorst en Borculo
GEL;Van Solms
GEL;Van Wisch
GEL;Van Borculo
GEL;Van Ligtenberg
GEL;Van Raesfeldt
GEL;Van Rossum
GEL;Van Keppel
GEL;Van Apeltern
GEL;Van Den Dorenweert
GEL;Van Boecop
GEL;Van Homoet
GEL;Van Voorst
GEL;Van Wesenberge
GEL;Van Polanen
GEL;Van Heekeren
GEL;Van Rechteren
GEL;Van Pallandt
GEL;Van Lathum
GEL;Van Montfoort
GEL;De Groeff
GEL;Van Kerkem
GEL;Paleke
GEL;Palick
GEL;Van der Sculenborg
GEL;Smullinck
GEL;Van Swane
GEL;Van Aeswijn
GEL;Van Ulft
GEL;Van Den Loe
GEL;Van Meverden
GEL;Van Martin
GEL;Van Sevenaer
GEL;Van Wylinck
GEO;Abashidze
GEO;Abkhazi
GEO;Adarnase
GEO;Alexander
GEO;Artchil
GEO;Ashot
GEO;Bagrat
GEO;David
GEO;Demetre
GEO;Gegetchkori
GEO;Giorgi
GEO;Irakli
GEO;Kavtaradze
GEO;Kipiani
GEO;Kvintadze
GEO;Konstantin
GEO;Leon
GEO;Levan
GEO;Maharadze
GEO;Mazniashvilli
GEO;Orakhelavilli
GEO;Samtskhe
GEO;Shevarnadze
GEO;Simon
GEO;Tchavchadze
GEO;Tchkheidze
GEO;Tchkhenkelli
GEO;Tcholokashvilli
GEO;Tseretelli
GEO;Tshakia
GEO;Vakhtang
GRE;Argyrus
GRE;Artavasdus
GRE;Basileus
GRE;Diogenes
GRE;Ducas
GRE;Monomachus
GRE;Romanus
GRE;Stauracius
GRE;Stratioticus
GRE;Vataces
GRE;Zimisces
GUJ;Jain
GUJ;Majmudar
GUJ;Patel
GUJ;Patidar
GUJ;Rushi
GUJ;Saraiya
GUJ;Shrivastav
GUJ;Vanik
HAB;Allenstein
HAB;Alt Wardein
HAB;Amstetten
HAB;Böhmen
HAB;Babenberg
HAB;Bad Ischl
HAB;Bolzen
HAB;Bornow
HAB;Boroevitch
HAB;Braunau
HAB;Bregenz
HAB;Brieg
HAB;Brönn
HAB;Buda
HAB;Dachstein
HAB;Dankl
HAB;Donau
HAB;Eisen
HAB;Feldkirch
HAB;Felsheim
HAB;Gerd
HAB;Gmunden
HAB;Gottwald
HAB;Graz
HAB;Gürlitz
HAB;Gyür
HAB;Hallein
HAB;Haus
HAB;Hausruck
HAB;Herman
HAB;Horty
HAB;Inzell
HAB;Jögersdorf
HAB;Johan
HAB;Kapfenberg
HAB;Karenski
HAB;Karfeld
HAB;Karlsbad
HAB;Karlstadt
HAB;Karwendel
HAB;Kirchberg
HAB;Kitzbühl
HAB;Klagenfurt
HAB;Klausenburg
HAB;Kolin
HAB;Könnsteig
HAB;Krems
HAB;Kufstein
HAB;Landeck
HAB;Leoben
HAB;Leuthen
HAB;Lienz
HAB;Linge
HAB;Linz
HAB;Mödling
HAB;Mack
HAB;Madek
HAB;Mariazell
HAB;Max
HAB;Mayer
HAB;Melk
HAB;Mond
HAB;Monfalcone
HAB;Moravia
HAB;Neusiedl
HAB;Olmötz
HAB;Pfilstein
HAB;Pilsen
HAB;Pisek
HAB;Presburg
HAB;Raba
HAB;Ramsberg
HAB;Regensberg
HAB;Reico
HAB;Reinz
HAB;Ried
HAB;Sachsenburg
HAB;Salzburg
HAB;Salzkammer
HAB;Sankt Pälten
HAB;Schaffen
HAB;Schrüder
HAB;Scober
HAB;Spitach
HAB;Steiner
HAB;Steyr
HAB;Stockerau
HAB;Strakonice
HAB;Stuhleck
HAB;Tegern
HAB;Tisza
HAB;Traun
HAB;Trent
HAB;Villach
HAB;Von Stark
HAB;Wachau
HAB;Waidhofen
HAB;Waldenburg
HAB;Wels
HAB;Zahringen
HAB;Zatec
HAB;Zell
HAB;Zistersdorf
HAN;Alten
HAN;Appuhn
HAN;Arentsschild
HAN;Baring
HAN;Becker
HAN;Beermann
HAN;Berger
HAN;Best
HAN;Bock
HAN;Borchers
HAN;Bothmer
HAN;Brandis
HAN;Braun
HAN;Brinkmann
HAN;Bülow
HAN;Busmann
HAN;Bussche
HAN;Clüver
HAN;Cumme
HAN;Dassel
HAN;Decken
HAN;Drechsel
HAN;Düring
HAN;Erytropel
HAN;Estorff
HAN;Friedrichs
HAN;Grote
HAN;Hagemann
HAN;Hamelberg
HAN;Hammerstein
HAN;Hartmann
HAN;Hartwig
HAN;Hattorf
HAN;Hedemann
HAN;Heimburg
HAN;Heise
HAN;Hodenberg
HAN;Hugo
HAN;Jacobi
HAN;Keßler
HAN;Kielmansegge
HAN;Klenke
HAN;Koch
HAN;Köhler
HAN;Krauchenberg
HAN;Kuckuck
HAN;Kuhlmann
HAN;Kuntze
HAN;Lange
HAN;Limburg
HAN;Linsingen
HAN;Lorenz
HAN;Lösecke
HAN;Lüderitz
HAN;Ludowig
HAN;Marschalck
HAN;Meyer
HAN;Müller
HAN;Münchhausen
HAN;Münster
HAN;Oeynhausen
HAN;Oppermann
HAN;Plat
HAN;Plate
HAN;Plato
HAN;Polchau
HAN;Poten
HAN;Ramdohr
HAN;Reiche
HAN;Reinecke
HAN;Reitzenstein
HAN;Röttiger
HAN;Sander
HAN;Scharnhorst
HAN;Schaumann
HAN;Schmidt
HAN;Schneider
HAN;Schröder
HAN;Schulze
HAN;Sichart
HAN;Sode
HAN;Stolzenberg
HAN;Strube
HAN;Uslar
HAN;Völger
HAN;Wedekind
HAN;Weyhe
HAN;Wickede
HAN;Wilkens
HAN;Windheim
HAN;Wisch
HAN;Wissell
HAN;Witte
HAU;Berthout
HAU;Van Linden
HAU;Van Thunen
HAU;Van Rode
HAU;Van Tildonk
HAU;Van Heverlee
HAU;Van Horst
HAU;Van Landwijk
HAU;Van Molenbeek
HAU;Van Erembodegem
HAU;Van Goedsenhoven
HAU;Van Tervuren
HAU;Van Rotselaer
HAU;Boot
HAU;Van Schoonhoven
HAU;Pynnock
HAU;Van Aarschot
HAU;Van Sompele
HAU;Reusen
HAU;Van Der Straeten
HAU;Hinckaert
HAU;Van Cortenbergh
HAU;Van Gondeval
HAU;Van Vucht
HAU;Van Busleyden
HAU;Van Der Stappen
HAU;Van Den Tympel
HAU;Mulert
HAU;Zeghers
HAU;Van Wesemael
HAU;Van Gleymes
HAU;Vander Mersch
HAU;Van Asseliers
HAU;Van Brouchoven
HAU;De Cröy
HAU;Van Gossenhoven
HAU;de Berges
HAU;Van Corswarem
HAU;Van Asse
HAU;Van Bigaerden
HAU;Van Bierbeek
HAU;Van Bautersem
HAU;Van Dongelberg
HAU;de Walehain
HAU;Clutinc
HAU;Van Marle
HEI;Aachen
HEI;Aschaffenburg
HEI;Bad Godesberg
HEI;Bad Kreuznach
HEI;Bochum
HEI;Brisgau
HEI;Chemnitz
HEI;Coburg
HEI;Cottbus
HEI;Darmstadt
HEI;Dessau
HEI;Düren
HEI;Ems
HEI;Erfurt
HEI;Erlangen
HEI;Eschingen
HEI;Freiberg
HEI;Fürth
HEI;Gera
HEI;Gotha
HEI;Güttingen
HEI;Hagen
HEI;Halberstadt
HEI;Halle
HEI;Heidelberg
HEI;Heilbronn
HEI;Karlsruhe
HEI;Krefeld
HEI;Kulmbach
HEI;Lahr
HEI;Landau
HEI;Mainz
HEI;Marburg
HEI;Mülhausen
HEI;Oberhausen
HEI;Oberstein
HEI;Pforzheim
HEI;Plauen
HEI;Rastatt
HEI;Rüdesheim
HEI;Saarbrücken
HEI;Schweinfurt
HEI;Siegen
HEI;Stuttgart
HEI;Thöringen
HEI;Tübingen
HEI;Weimar
HEI;Wuppertal
HEI;Würzburg
HEI;Zwickau
HEL;Schinner
HEL;Flüe
HEL;Jenatsch
HEL;Salis
HEL;Lavatar
HEL;Abderhalden
HEL;Betschart
HEL;Erlach
HEL;Graffenried
HEL;Hotz
HEL;Marti
HEL;Planta
HEL;Schorno
HEL;Wattenwyl
HEL;Tscharner
HEL;Reding
HEL;Diesbach
HEL;Freuler
HEL;Escher
HEL;Capol
HEL;Landolt
HEL;de Meuron
HEL;Pfyffer
HEL;Stockalper
HEL;Attinghausen
HEL;Zgraggen
HEL;Gamma
HEL;Bessler
HEL;Puentener
HEL;Wyss
HEL;Ochsner
HEL;Hartmann
HEL;Segesser
HES;Arnsberg
HES;Bebra
HES;Eder
HES;Fulda
HES;Hamm
HES;Kassel
HES;Knyphausen
HES;Lippstadt
HES;Münden
HES;Paderborn
HOL;Ameland
HOL;Amersfoort
HOL;Amstel
HOL;Appingedam
HOL;Arnhem
HOL;Bieldeers
HOL;Blokker
HOL;Bolsward
HOL;Botha
HOL;Breda
HOL;Brielle
HOL;Coemans
HOL;Coevorden
HOL;Cornelis
HOL;Costers
HOL;Culemborg
HOL;De Witt
HOL;Den Burg
HOL;Deodati
HOL;Dokkum
HOL;Dordrecht
HOL;Drenthe
HOL;Driesman
HOL;Eindhoven
HOL;Elst
HOL;Elten Leur
HOL;Enkhuizen
HOL;Fliesingen
HOL;Friesen
HOL;Geelvinck
HOL;Geerit
HOL;Genk
HOL;Goes
HOL;Gouda
HOL;Groningen
HOL;Gulder
HOL;Haag
HOL;Haarlem
HOL;Hebenal
HOL;Heerlen
HOL;Heertognebosh
HOL;Heineken
HOL;Helder
HOL;Hendryck
HOL;Hilversum
HOL;Jansz
HOL;Kampen
HOL;Karstens
HOL;Kortenaer
HOL;Kortrijk
HOL;Lauwers
HOL;Lemmer
HOL;Leyden
HOL;Limburg
HOL;Maastricht
HOL;Meppel
HOL;Middenmeer
HOL;Middleburg
HOL;Neuwegen
HOL;Nijkerk
HOL;Nijmegen
HOL;Oldenbarneveld
HOL;Olderzaal
HOL;Opdorf
HOL;Overijssel
HOL;Philipps
HOL;Piet
HOL;Poszt
HOL;Scheveningen
HOL;Schiedam
HOL;Scholtecheren
HOL;Schoonebeck
HOL;Schouwen
HOL;Sluis
HOL;Smuts
HOL;Spijkenise
HOL;Terchelling
HOL;Texel
HOL;Twente
HOL;Utrecht
HOL;Valkenswaard
HOL;Van Den Dorp
HOL;Van der Does
HOL;Van Hessling
HOL;Van Spilbergen
HOL;Van Stabel
HOL;Van Wick
HOL;Veendam
HOL;Venloo
HOL;Venray
HOL;Volendam
HOL;Vroom
HOL;Waalwijck
HOL;Willem
HOL;Woerden
HOL;Zandwort
HOL;Zoetermeer
HOL;Zuiderzee
HOL;Zwijndrecht
HOL;Zwolle
HOL;Van Oranje-Nassau
HOL;Harpertz
HOL;Eysbergen
HOL;Vingh
HOL;Van Aduard
HOL;Pallandt
HOL;Van Dorth
HOL;Haersolte
HOL;Rechteren
HOL;Van Glabbeek
HOL;Amman
HOL;Van Der Linge
HOL;Van Den Clooster
HOL;Speelman
HOL;Bentinck tot Diepenheim
HOL;Honyck Van Papendrecht
HOL;de Gadelierre
HOL;Doys
HOL;Rabenhaupt
HOL;Van der Noot
HOL;Van der Duyn
HOL;Hoeufft van Oyen
HOL;Bylandt
HOL;Van der Hoop
HOL;Van Heeckeren
HOL;Van Saksen-Gotha
HOL;De Schepper
HOL;Van Dam
HOL;Wilcke
HOL;Lochman
HOL;Drymborn
HOL;Buys
HOL;Broekhuijsen
HOL;Randwijck
HOL;Maleprade
HOL;Leusden
HOL;Huchtenbroek
HOL;Becker
HOL;Ruysch
HOL;Casembroot
HOL;Cannenburg
HOL;Althuysen
HOL;Lamoraal
HOL;Glinstra
HOL;Van Lijnden
HOL;Geelinck
HOL;Van Verschuer
HOL;Onderwater
HOL;Neef
HOL;Keppel
HOL;Wilderick
HOL;Mooser
HOL;Petersen
HOL;Sommelsdijk
HOL;Van Mourik
HOL;Stedman
HOL;d'Hauw
HOL;Van Hulstein
HOL;Twent
HOL;Colthoff
HOL;Simmons
HOL;De Eerens
HOL;van Aremberg
HOL;Kuijek
HOL;Van Ommeren
HOL;Wynands
HOL;Gunebosch
HOL;Westenberg
HOL;Singendonck
HOL;De Jongh
HOL;Byleveld
HOL;Ditmers
HOL;Van Thielen
HOL;Van Molz Wieling
HOL;Bagelaar
HOL;Brade
HOL;Tripp
HOL;Coenegracht
HOL;Van Merlen
HOL;Bereel
HOL;Petter
HOL;Geij Van Pittius
HOL;Van Els
HOL;Jonckheere
HOL;Taets van Amerongen
HOL;Huffel
HOL;Smissaers
HOL;Lindtman
HUN;Batthyanyi
HUN;Beleznay
HUN;Borsa
HUN;Csak
HUN;Dessewffy
HUN;Garai
HUN;Kemeny
HUN;Lackfi
HUN;Losonci
HUN;Ozorai
HUN;Rozgonyi
HUN;Szilagyi
HUN;Telegdi
HYD;Banwasi
HYD;Devi
HYD;Haveli
HYD;Jah
HYD;Krishna
HYD;Naidu
HYD;Netravalli
HYD;Rao
HYD;Raya
HYD;Shetty
HYD;ul Umra
INC;Atahuallpa
ITA;Abenante
ITA;Adorno
ITA;Airasca
ITA;Albanese
ITA;Alberti
ITA;Aldobrandini
ITA;Alessandri
ITA;Alfani
ITA;Alidosi
ITA;Anguillara
ITA;Anguissola
ITA;Appiano
ITA;Aretino
ITA;Astorre
ITA;Baglioni
ITA;Balbiani
ITA;Barbiano
ITA;Bentivoglio
ITA;Bianchi
ITA;Borghese
ITA;Borgo
ITA;Brandolini
ITA;Calabrese
ITA;Calefati
ITA;Caracciolo
ITA;Caraffa
ITA;Carducci
ITA;Carignano
ITA;Carrara
ITA;Carraresi
ITA;Carretto
ITA;Castello
ITA;Cellini
ITA;Cesarini
ITA;Colonna
ITA;Correggio
ITA;Corso
ITA;Cortesi
ITA;Cossa
ITA;Cotta
ITA;Cybo
ITA;Delfini
ITA;Farnese
ITA;Ferretti
ITA;Fortebracci
ITA;Fossano
ITA;Fregoso
ITA;Gaetani
ITA;Galli
ITA;Gambacorta
ITA;Grimaldi
ITA;Guarnieri
ITA;Inghirami
ITA;Jacovacci
ITA;Lampugnani
ITA;Landi
ITA;Landriano
ITA;Lomellini
ITA;Ludovisi
ITA;Malaspina
ITA;Malatesta
ITA;Malvezzo
ITA;Manfredi
ITA;Marucelli
ITA;Mauruzzi
ITA;Medici
ITA;Menotti
ITA;Morone
ITA;Mutini
ITA;Naldi
ITA;Nobili
ITA;Novello
ITA;Obizzi
ITA;Olgiati
ITA;Ordelaffi
ITA;Orsini
ITA;Ottoni
ITA;Pallavicini
ITA;Pepoli
ITA;Persico
ITA;Polani
ITA;Polenta
ITA;Rangoni
ITA;Riario
ITA;Rimini
ITA;Rossi
ITA;Salviati
ITA;Santacroce
ITA;Savelli
ITA;Scotti
ITA;Serra
ITA;Sfondrato
ITA;Strozzi
ITA;Tebaldi
ITA;Tedesco
ITA;Ubaldini
ITA;Uffreducci
ITA;Varano
ITA;Verucchio
ITA;Vilmercate
ITA;Visconti
ITA;Vitelli
ITA;Zampeschi
ITA;Zittolo
KOL;Polch
KOL;von Husen
KOL;Wanzon
KOL;Kannegießer
KOL;Friessem
KOL;Schweling
KOL;von Aich
KOL;Gülich
KOL;Weinsberg
KOL;Clarenbach
KOL;Ewan
KOL;von Schwelm
KOL;Hulsman
KOL;Borchers
KOL;Quingetty
KOL;Gaill
KOL;von Groote
KOL;Eitzing
KOL;Hogenberg
KOL;Wallraf
KOL;Schreiber
KOL;von Lechenich
KOR;An
KOR;Choe
KOR;Jung
KOR;Kim
KOR;O
KOR;Pak
KOR;Shin
KOR;Yi
KOR;Yu
KOR;Yun
KSH;Gahunia
KSH;Hoora
KSH;Jhol
KSH;Jhotti
KSH;Rajsingh
KSH;Shergill
KSH;Singh
KSH;Sohal
LIT;Anfarovic
LIT;Abramovic
LIT;Askierka
LIT;Adamovic
LIT;Ahinski
LIT;Alaskievic
LIT;Aviarkovic
LIT;Bialiacki
LIT;Babic
LIT;Barejka
LIT;Babraunicki
LIT;Bielak
LIT;Chalecki
LIT;Chraptovic
LIT;Chmara
LIT;Darahastajski
LIT;Drazdovic
LIT;Drucki
LIT;Dzialovic
LIT;Dziamidovic
LIT;Dounar
LIT;Damejka
LIT;Giedrojc
LIT;Hasieuski
LIT;Hasanovic
LIT;Hlabovic
LIT;Hlinka
LIT;Ihnatovic
LIT;Ilinic
LIT;Judycki
LIT;Juraha
LIT;Kmicic
LIT;Kasila
LIT;Kasinski
LIT;Kasciuska
LIT;Kviacinski
LIT;Kanapacki
LIT;Katouski
LIT;Lacki
LIT;Landzberg
LIT;Lipski
LIT;Lojka
LIT;Lisouski
LIT;Michalkievic
LIT;Mirski
LIT;Muraska
LIT;Michaleuski
LIT;Maroz
LIT;Narusevic
LIT;Navadvorski
LIT;Pac
LIT;Palubinski
LIT;Platar
LIT;Parecki
LIT;Rajecki
LIT;Rusiecki
LIT;Radzivil
LIT;Romer
LIT;Rabcevic
LIT;Rucki
LIT;Sakovic
LIT;Salamanovic
LIT;Sicinski
LIT;Siamiaska
LIT;Sluska
LIT;Smolski
LIT;Statkievic
LIT;Sapieha
LIT;Sulkouski
LIT;Scyhielski
LIT;Samijot
LIT;Smolic
LIT;Stocki
LIT;Tyskievic
LIT;Tyzenhauz
LIT;Tolkac
LIT;Terla
LIT;Uladkovic
LIT;Vouk
LIT;Valovic
LIT;Varpaj
LIT;von Roenne
LIT;Zabela
LIT;Zavadzki
LIT;Ziankievic
LIT;Zianovic
LIT;Zaba
LIT;Zudro
LUA;Amnouayphone
LUA;Khamtay
LUA;Phommasanh
LUA;Souphanouvong
MAL;Babber
MAL;Chauhan
MAL;Mahipala
MAL;Mihirbhoj
MAL;Nagabhatta
MAL;Pratap
MAL;Rajput
MAL;Singh
MAL;Vatsraja
MKS;Abdulfatah
MKS;Ahmad
MKS;Amir
MKS;Anwar
MKS;Azmi
MKS;Batuta
MKS;Chairul
MKS;Hamzah
MKS;Hasanuddin
MKS;Ibnu
MKS;Kyai
MKS;Mahat
MKS;Mukhtar
MKS;Najamuddin
MKS;Natzar
MKS;Nazmizan
MKS;Roem
MKS;Syarifuddin
MKS;Zulkifli
MLC;Abdulfatah
MLC;Ahmad
MLC;Amir
MLC;Anwar
MLC;Azmi
MLC;Batuta
MLC;Chairul
MLC;Hamzah
MLC;Hasanuddin
MLC;Ibnu
MLC;Kyai
MLC;Mahat
MLC;Mukhtar
MLC;Najamuddin
MLC;Natzar
MLC;Nazmizan
MLC;Roem
MLC;Syarifuddin
MLC;Zulkifli
MOG;Agra
MOG;Ajmer
MOG;Darbhanga
MOG;Howrah
MOG;Jhansi
MOG;Multan
MOG;Patna
MOG;Popat
MOG;Raj
MOG;Sharanpur
MOL;Alexandru
MOL;Anton
MOL;Bogdan
MOL;Buzescu
MOL;Gavrila
MOL;Ieremia
MOL;Iorga
MOL;Manole
MOL;Motoc
MOL;Movila
MOL;Nechifor
MOL;Nicolae
MOL;Petre
MOL;Popa
MOL;Razvan
MOL;Stefan
MOL;Tomsa
MOL;Victor
MOL;Voicu
MTR;Adjeng
MTR;Djajadiningrat
MTR;Djojopoespito
MTR;Ernalia
MTR;Karsumaatmaja
MTR;Mollema
MTR;Nasution
MTR;Nitisastro
MTR;Prawiranega
MTR;Purbacaraka
MTR;Subadio
MTR;Sumual
MUS;Adrar
MUS;Al Djawf
MUS;Al-Din
MUS;Al-Rashid
MUS;Anaba
MUS;Arlit
MUS;Auzu
MUS;Awbari
MUS;Azzer
MUS;Batna
MUS;Biskra
MUS;Dakhla
MUS;Dammam
MUS;Derna
MUS;Ennedi
MUS;Fahti
MUS;Fayoum
MUS;Ghazi
MUS;Hoggar
MUS;Husein
MUS;Idriss
MUS;Jafar
MUS;Jem
MUS;Kairwan
MUS;Kufra
MUS;Mafra
MUS;Manamah
MUS;Marbat
MUS;Masrur
MUS;Meknes
MUS;Messaud
MUS;Minya
MUS;Moktar
MUS;Mukalla
MUS;Nadjaf
MUS;Nasiryah
MUS;Nasser
MUS;Queseima
MUS;Saada
MUS;Safi
MUS;Sana
MUS;Sebha
MUS;Sharif
MUS;Suwaida
MUS;Tebessa
MUS;Tifni
MUS;Tuggurt
MUS;Wessera
MUS;Zueidina
MUS;Zuwara
MYA;Aung-Hla
MYA;Aung-San
MYA;Hla-Thein
MYA;Khin-Nyunt
MYA;Khun-Sa
MYA;Kwan-Kywa
MYA;Maung-Gyi
MYA;Maung-Win
MYA;Min-Tun
MYA;Ohn-Myint
MYA;Sein-Win
MYA;Than-Htay
MYA;Thet-Naung
MYA;U-Nu
MYS;Basavaraju
MYS;Chandrashekar
MYS;Devaraja
MYS;Devi
MYS;Noorondayya
MYS;Rajbal
MYS;Vaidya
MYS;Varma
MYS;Vilasa
MYS;Visvesvaraya
MYS;Waidyar
MYS;Yaduraya
NAT;Chieftain
NAV;Barbo y Añués
NAV;Beunza de Aoiz
NAV;Esparza
NAV;Fernández de Esquide
NAV;Fernández de Garayalde
NAV;Garcés de Garro
NAV;Garín de Lazcano
NAV;Goñi de Peralta
NAV;Hermoso de Mendoza y Huici
NAV;Huarte de Mendicoa
NAV;Ibáñez de Muruzabal
NAV;Iñíguez de Enderica
NAV;Jiménez de Lacarra
NAV;López de Albizu
NAV;Luna de Berrospe
NAV;Martínez de Berrozpe
NAV;Martínez de Irujo
NAV;Ochoa de Baquedano
NAV;Octavio de Toledo
NAV;Pérez de Elizalde
NAV;Ramírez de Ezparza
NAV;Reta y Ongay
NAV;Ruíz de Zuazu
NAV;Sáez de Larramendi
NAV;Sagaseta de Ilurdoz
NAV;San Cristóbal
NAV;Sanz de Acedo
NAV;Sanz de Eguilaz
NAV;Uriz
NIP;Fujimori
NIP;Fujiwara
NIP;Hashimoto
NIP;Hondo
NIP;Ideyasu
NIP;Ideyoshi
NIP;Kagemusha
NIP;Katori
NIP;Shinden
NIP;Watanabe
NOR;Amundsen
NOR;Arnesson
NOR;Bjelke
NOR;Bolt
NOR;Egilsson
NOR;Eriksson
NOR;Haraldsson
NOR;Larsson
NOR;Leifsson
NOR;Magnusson
NOR;Nansen
NOR;Norheim
NOR;Olavsson
NOR;Sigurdsson
NOR;Sverresson
NOR;Torgeirsson
NOR;Torsson
OHI;Cayuga
OHI;Fox
OHI;Huron
OHI;Iroquois
OHI;Mingo
OHI;Mohawk
OHI;Onega
OHI;Onondaga
OHI;Ottawa
OHI;Seneca
ORI;Dassa
ORI;Kalinga
ORI;Mansingh
ORI;Patra
ORI;Ratha
ORI;Roy
PEG;Aung-Hla
PEG;Aung-San
PEG;Hla-Thein
PEG;Khin-Nyunt
PEG;Khun-Sa
PEG;Kwan-Kywa
PEG;Maung-Gyi
PEG;Maung-Win
PEG;Min-Tun
PEG;Ohn-Myint
PEG;Sein-Win
PEG;Than-Htay
PEG;Thet-Naung
PEG;U-Nu
POL;Abramowicz
POL;Antonowicz
POL;Aston
POL;Balaban
POL;Bidzinski
POL;Bobrowski
POL;Borkowski
POL;Branicki
POL;Budzillo
POL;Czarnkowski
POL;Czartoryski
POL;Czyzewski
POL;Danilowicz
POL;Debinski
POL;Denhoff
POL;Dunin
POL;Dzialynski
POL;Ertmann
POL;Farensbach
POL;Firlej
POL;Fitinghoff
POL;Fiszer
POL;Flint
POL;Fredro
POL;Getkant
POL;Gorajski
POL;Górka
POL;Górski
POL;Grochowski
POL;Grodzicki
POL;Hreczynin
POL;Herburt
POL;Houwaldt
POL;Iwanowski
POL;Jaskólski
POL;Judycki
POL;Kalinowski
POL;Kamieniecki
POL;Kazanowski
POL;Kisiel
POL;Kmita
POL;Koniecpolski
POL;Korecki
POL;Korff
POL;Kossakowski
POL;Krasinski
POL;Krzeczowski
POL;Lacki
POL;Lanckoronski
POL;Leszczynski
POL;Lipski
POL;Lisowski
POL;Lubomirski
POL;Malachowski
POL;Malski
POL;Matczynski
POL;Metzel
POL;Mielecki
POL;Mielzynski
POL;Mniszek
POL;Myszkowski
POL;Niewiarowski
POL;Nowodworski
POL;Olesnicki
POL;Opacki
POL;Opalinski
POL;Ossolinski
POL;Ostroróg
POL;Pampowski
POL;Plater
POL;Plucinski
POL;Poninski
POL;Porecki
POL;Porembski
POL;Potocki
POL;Przyjemski
POL;Radziejowski
POL;Remer
POL;Rieke
POL;Rokitnicki
POL;Rosen
POL;Rozniecki
POL;Rudzki
POL;Rytwianski
POL;Rzewuski
POL;Sahajdaczny
POL;Sanguszko
POL;Sicinski
POL;Siemienowicz
POL;Sieniawski
POL;Sobieski
POL;Sokolnicki
POL;Stadnicki
POL;Strus
POL;Sulkowski
POL;Teczynski
POL;Tyszkiewicz
POL;Wejher
POL;Wielopolski
POL;Wisniowiecki
POL;Witowski
POL;Wojna
POL;Wyhowski
POL;Zablocki
POL;Zacwilichowski
POL;Zakrzewski
POL;Zamojski
POL;Zaslawski
POL;Zbaraski
POL;Zborowski
POL;Zbrozek
POL;Zebrzydowski
POL;Zeromski
POL;Zegocki
POR;Abrantes
POR;Affomso
POR;Alcacovas
POR;Alegre
POR;Algarve
POR;Altamira
POR;Alvarez
POR;Alves
POR;Aveiro
POR;Beja
POR;Belem
POR;Braga
POR;Bragança
POR;Caldeirao
POR;Campinha
POR;Campos
POR;Cao
POR;Caravelas
POR;Carvoeiro
POR;Castelo Branco
POR;Caxias
POR;Chaves
POR;Coimbra
POR;Correlano
POR;Coutinho
POR;Covilha
POR;Crato
POR;Da Cunha
POR;Da Sa
POR;De Abreu
POR;De Bahia
POR;De Mota
POR;De Suza
POR;Dos Montres
POR;Dos Santos
POR;Elvas
POR;Escovar
POR;Estrala
POR;Estremos
POR;Faro
POR;Figueira
POR;Funchal
POR;Gerez
POR;Goiania
POR;Gojas
POR;Guarda
POR;Guimaraes
POR;Lamego
POR;Leira
POR;Liama
POR;Lisboa
POR;Macao
POR;Magallaes
POR;Malemo
POR;Mamede
POR;Marajo
POR;Maranhao
POR;Martim
POR;Mascarhenas
POR;Mina
POR;Monchique
POR;Monte Claros
POR;Niteroi
POR;Noronha
POR;Olhao
POR;Oporto
POR;Ossa
POR;Paraiba
POR;Pinhel
POR;Portalegre
POR;Preto
POR;Ribatejo
POR;Ribeiro
POR;Roca
POR;Rosas
POR;Sabor
POR;Sado
POR;Sagres
POR;Sampaio
POR;Santana
POR;Santarem
POR;Sao Luis
POR;Sequeira
POR;Serrao
POR;Setubal
POR;Sintra
POR;Sobral
POR;Tago
POR;Tamega
POR;Tavira
POR;Tejo
POR;Teofilo
POR;Texeira
POR;Tomar
POR;Torres
POR;Vasqueira
POR;Villa Real
POR;Viseu
POR;Vitoria
POR;Zezere
POR;Acevedo
POR;Alburquerque
POR;Almeida
POR;Amaral
POR;Andrade
POR;Arruda
POR;Baptista
POR;Barao
POR;Barbeiro
POR;Bettencourt
POR;Botelho
POR;Braga
POR;Cabral
POR;Caldeira
POR;Cardoso
POR;Cardoza
POR;Carvalho
POR;Coelho
POR;Cordeiro
POR;Corriera
POR;Costa
POR;Cunha
POR;Da Costa
POR;Da Lomba
POR;Da Luz
POR;Da Ponte
POR;Da Rosa
POR;Da Silva
POR;Da Silveira
POR;De Freitas
POR;De Medeiros
POR;De Melo
POR;De Pina
POR;De Sousa
POR;Dias
POR;Dos Reis
POR;Faria
POR;Fernandes
POR;Ferreira
POR;Fonseca
POR;Fontes
POR;Freitas
POR;Gomes
POR;Goncalves
POR;Henriques
POR;Leitao
POR;Leite
POR;Lima
POR;Lopes
POR;Machado
POR;Marques
POR;Martins
POR;Mateus
POR;Medeiros
POR;Melo
POR;Mendes
POR;Monteiro
POR;Montes
POR;Nascimento
POR;Neves
POR;Nunes
POR;Oliveira
POR;Paiva
POR;Periera
POR;Pimental
POR;Pina
POR;Pires
POR;Ponte
POR;Ramos
POR;Raposa
POR;Rebello
POR;Reis
POR;Rodrigues
POR;Santos
POR;Silva
POR;Silveira
POR;Simao
POR;Soares
POR;Sousa
POR;Souza
POR;Tente
POR;Vieira
POR;Vincente
POR;Viveiros
PRM;Attems
PRM;Auersperg
PRM;Cilli
PRM;Dornberg
PRM;Gallenberg
PRM;Görtz
PRM;Graben
PRM;Greissenegg
PRM;Grimschitz
PRM;Hohenwart
PRM;Khevenhüller
PRM;Koziak
PRM;Lamberg
PRM;Lougar
PRM;Osterwitz
PRM;Pettau
PRM;Rauber
PRM;Schërffenberg
PRM;Stubenberg
PRM;Ungnad
PRM;Walsee
PRM;Windish-Grëtz
PRU;Alvensleben
PRU;Anhalt
PRU;Anhalt-Dessau
PRU;Anhalt-Köthen
PRU;Arnim
PRU;Baden
PRU;Bayern
PRU;Below
PRU;Bentheim
PRU;Berger
PRU;Bismarck
PRU;Blanckensee
PRU;Blumenthal
PRU;Bonin
PRU;Borcke
PRU;Bornstedt
PRU;Borstell
PRU;Brandenburg
PRU;Brandenburg-Schwedt
PRU;Brandenstein
PRU;Brauchitsch
PRU;Braunschweig
PRU;Braunschweig-Lüneburg
PRU;Bredow
PRU;Buddenbrock
PRU;Bülow
PRU;Czettritz
PRU;Dewitz
PRU;Dohna
PRU;Dönhoff
PRU;Frankenberg
PRU;Gayl
PRU;Gersdorff
PRU;Gilsa
PRU;Goetze
PRU;Goltz
PRU;Graevenitz
PRU;Groeben
PRU;Hagen
PRU;Hake
PRU;Hartmann
PRU;Hertzberg
PRU;Hessen
PRU;Hessen-Kassel
PRU;Heyden
PRU;Hiller
PRU;Hirschfeld
PRU;Hoffmann
PRU;Hohenlohe
PRU;Hohenzollern
PRU;Holleben
PRU;Horn
PRU;Hülsen
PRU;Kalckreuth
PRU;Kameke
PRU;Katte
PRU;Kleist
PRU;Knobelsdorff
PRU;Knobloch
PRU;Krafft
PRU;Krosigk
PRU;Larisch
PRU;Legat
PRU;Lüderitz
PRU;Lützow
PRU;Lyncker
PRU;Manstein
PRU;Marschall
PRU;Marwitz
PRU;Massow
PRU;Mecklenburg
PRU;Müller
PRU;Natzmer
PRU;Neumann
PRU;Osten
PRU;Österreich
PRU;Pannwitz
PRU;Pfuel
PRU;Pirch
PRU;Platen
PRU;Ploetz
PRU;Podewils
PRU;Preußen
PRU;Prittwitz
PRU;Puttkamer
PRU;Rauch
PRU;Reitzenstein
PRU;Reuß
PRU;Roeder
PRU;Rohr
PRU;Rosenberg
PRU;Rußland
PRU;Sachsen
PRU;Sachsen-Altenburg
PRU;Schack
PRU;Schlegel
PRU;Schleswig-Holstein
PRU;Schmettau
PRU;Schmidt
PRU;Schoeler
PRU;Schöning
PRU;Schulenburg
PRU;Schulz
PRU;Schwarzburg
PRU;Schwerin
PRU;Solms
PRU;Solms-Braunfels
PRU;Sommerfeld
PRU;Stein
PRU;Strantz
PRU;Stülpnagel
PRU;Stutterheim
PRU;Sydow
PRU;Thile
PRU;Tresckow
PRU;Trotha
PRU;Truchseß v. Waldburg
PRU;Waldow
PRU;Wangenheim
PRU;Wartensleben
PRU;Wedel
PRU;Werder
PRU;Winterfeldt
PRU;Witzleben
PRU;Woyna
PRU;Württemberg
PRU;Wylich
PRU;Zastrow
PRU;Zieten
PRU;Zimmermann
RAG;da Savere
RAG;Zlataric
RAG;Kaznacic
RAG;Mencetic
RAG;Drzic
RAG;Cubranovic
RAG;Vetranovic
RAG;Gundulic
RAG;Dauro
REB;Rebel
RUS;Abramovich
RUS;Adachev
RUS;Anhalt-Zerbst
RUS;Avanessov
RUS;Basmanov
RUS;Belski
RUS;Berelowitch
RUS;Bereznik
RUS;Berezov
RUS;Bezukov
RUS;Bobrov
RUS;Boda‹bo
RUS;Bolotnikov
RUS;Briansk
RUS;Bulba
RUS;Chafirov
RUS;Charmilles
RUS;Charpak
RUS;Chterbatov
RUS;Chuiski
RUS;Chuvalov
RUS;De Long
RUS;Dolgoruki
RUS;Faddeiev
RUS;Feodor
RUS;Gkjatsk
RUS;Glinski
RUS;Golovkine
RUS;Golytsin
RUS;Gomel
RUS;Grigorievich
RUS;Holstein-Gottorp
RUS;Iaroslaw
RUS;Iasenov
RUS;Ipatiev
RUS;Iurev
RUS;Iwanovo
RUS;Jukov
RUS;Kafelnikov
RUS;Kama
RUS;Karpenko
RUS;Karpenski
RUS;Karpovitch
RUS;Kirilenko
RUS;Kirov
RUS;Kline
RUS;Kostov
RUS;Kotchev
RUS;Kotlas
RUS;Kurbatov
RUS;Kuzma
RUS;Lapunov
RUS;Leopoldonov
RUS;Lipetsk
RUS;Lytkharin
RUS;Moskwitianine
RUS;Mstislavski
RUS;Ochakov
RUS;Okhotsk
RUS;Panin
RUS;Pawlosk
RUS;Peredelnikov
RUS;Piotr
RUS;Platonov
RUS;Pojarski
RUS;Pokrowski
RUS;Preobajenski
RUS;Prokofievich
RUS;Pskov
RUS;Psochkov
RUS;Radek
RUS;Ramasovski
RUS;Rasianowsky
RUS;Raskolniki
RUS;Razumovski
RUS;Rotislav
RUS;Sangar
RUS;Semenov
RUS;Simbirsk
RUS;Slitte
RUS;Suvorin
RUS;Sverdlovsk
RUS;Sviajsk
RUS;Tatichev
RUS;Tcherbatov
RUS;Torjok
RUS;Trubetskoi
RUS;Upenskoi
RUS;Ustinov
RUS;Vilkitski
RUS;Vnukov
RUS;Vorontski
RUS;Vorontsov
RUS;Wipper
RUS;Wladimir
RUS;Yagujiinski
RUS;Yeremenko
RUS;Yeremenko
RUS;Zarutski
SCO;Abercrombie
SCO;Abernethy
SCO;Agnew
SCO;Anderson
SCO;Arbuthnott
SCO;Armstrong
SCO;Baillie
SCO;Baird
SCO;Barclay
SCO;Barker
SCO;Bell
SCO;Bisset
SCO;Blackstock
SCO;Blair
SCO;Borthwick
SCO;Bower
SCO;Boyd
SCO;Brodie
SCO;Browne
SCO;Bruce
SCO;Buchan
SCO;Buchanan
SCO;Burnett
SCO;Cameron
SCO;Campbell
SCO;Carmichael
SCO;Carnegie
SCO;Cathcart
SCO;Chattan
SCO;Chisolm
SCO;Clarke
SCO;Clergy
SCO;Cochrane
SCO;Colquhoun
SCO;Colville
SCO;Cumming
SCO;Cooper
SCO;Craig
SCO;Cranstoun
SCO;Crawford
SCO;Cunning
SCO;Cunningham,
SCO;Dalrymple
SCO;Dalziel
SCO;Davidson
SCO;Donnachaidh
SCO;Douglas
SCO;Drummond
SCO;Dunbar
SCO;Duncan
SCO;Dunlop
SCO;Elliott
SCO;Erskine
SCO;Farquharson
SCO;Ferguson
SCO;Fleming
SCO;Fletcher
SCO;Forbes
SCO;Forrester
SCO;Forsyth
SCO;Fraser
SCO;Galbraith
SCO;Gillespie
SCO;Gordon
SCO;Gow
SCO;Graham
SCO;Grant
SCO;Gray
SCO;Gunn
SCO;Guthrie
SCO;Haig
SCO;Hall
SCO;Hamilton
SCO;Haxton
SCO;Hay
SCO;Henderson
SCO;Home
SCO;Hope
SCO;Hunter
SCO;Innes
SCO;Irvine
SCO;Johnstone
SCO;Keith
SCO;Kennedy
SCO;Kerr
SCO;Kincaid
SCO;Kirkpatrick
SCO;Knight
SCO;Laing
SCO;Lamont
SCO;Leask
SCO;Lennox
SCO;Leslie
SCO;Lindsay
SCO;Little
SCO;Livingstone
SCO;Lockhart
SCO;Logan
SCO;Lumsden
SCO;MacAlister
SCO;MacAlpine
SCO;MacAndrew
SCO;MacArthur
SCO;MacAulay
SCO;MacBain
SCO;MacBeth
SCO;MacCallum
SCO;MacColl
SCO;MacCulloch
SCO;MacDonald
SCO;MacDonell
SCO;MacDougall
SCO;MacDowell
SCO;MacDuff
SCO;MacEwen
SCO;MacFadyen
SCO;MacFarlane
SCO;MacGill
SCO;MacGillivray
SCO;MacGregor
SCO;MacIain
SCO;MacInnes
SCO;MacIntyre
SCO;MacIver
SCO;MacKay
SCO;MacKellar
SCO;MacKenzie
SCO;MacKinley
SCO;MacKinnon
SCO;MacKintosh
SCO;MacLachlan
SCO;MacLaine
SCO;MacLaren
SCO;MacLean
SCO;MacLellan
SCO;MacLennan
SCO;MacLeod
SCO;MacLoughlin
SCO;MacMillan
SCO;MacNab
SCO;MacNaghten
SCO;MacNeill
SCO;MacNicol
SCO;MacPhail
SCO;MacPhee
SCO;MacPherson
SCO;MacQuarrie
SCO;MacQueen
SCO;MacRae
SCO;MacTavish
SCO;MacThomas
SCO;Maitland
SCO;Malcolm
SCO;Mar
SCO;Matheson
SCO;Maxwell
SCO;McCurdy
SCO;McWilliam
SCO;Melville
SCO;Menzies
SCO;Mitchell
SCO;Moffat
SCO;Montgomery
SCO;Morrison
SCO;Mowat
SCO;Muir
SCO;Munro
SCO;Murray
SCO;Napier
SCO;Nicolson
SCO;Nisbet
SCO;Ogilvie
SCO;Paterson
SCO;Pollock
SCO;Preston
SCO;Pringle
SCO;Ramsay
SCO;Robertson
SCO;Rollo
SCO;Rose
SCO;Ross
SCO;Russell
SCO;Rutherford
SCO;Ruthven
SCO;Scott
SCO;Seaton
SCO;Shaw
SCO;Sinclair
SCO;Skene
SCO;Smith
SCO;Stuart
SCO;Sutherland
SCO;Taylor
SCO;Thompson
SCO;Turnbull
SCO;Urquhart
SCO;Wallace
SCO;Watson
SCO;Weir
SCO;Wemyss
SCO;Wilson
SCO;Wood
SCO;Young
SER;Drascovic
SER;Gingic
SER;Hracovec
SER;Marcovic
SER;Postek
SPA;Abrantes
SPA;Aguilar de Campos
SPA;Aguilar de Inestrillas
SPA;Alagón
SPA;Alba de Liste
SPA;Alba deTormes
SPA;Albayda
SPA;Albudeyte
SPA;Alburquerque
SPA;la Alcudia
SPA;Alcudia
SPA;Aliaga
SPA;Almenara Alta
SPA;Almodóvar
SPA;Almodóvar del Rio
SPA;Amalfi
SPA;Andria
SPA;Arco
SPA;Arcos
SPA;Arienzo
SPA;Arion
SPA;Asalto
SPA;Atares
SPA;Aveyro
SPA;Ayerbe
SPA;Baena
SPA;Balazote
SPA;Baños
SPA;Barboles
SPA;Bedmar
SPA;Bejar
SPA;Belmonte Ventimiglia
SPA;Benameji
SPA;Bendaña
SPA;Benemejis de Sistallo
SPA;Bornos
SPA;el Bosch de Ares
SPA;Bournonville
SPA;Cabra
SPA;Caceres
SPA;Camastra
SPA;Campo Alange
SPA;Campo Real
SPA;Canillejas
SPA;la Cañada
SPA;Cardona
SPA;Casa-Ferrandel
SPA;Casa Galindo
SPA;Casa Irujo
SPA;Casa de Rubianes
SPA;Castel-Moncayo
SPA;Castelar
SPA;Casteldosrius
SPA;Castellvel
SPA;Castiglione
SPA;el Castillo
SPA;Castrillo
SPA;Castromonte
SPA;Cea
SPA;Cerralbo
SPA;Ciudad Rodrigo
SPA;Clarafuente
SPA;Colomera
SPA;Corvera
SPA;la Corzano
SPA;Croy
SPA;Egmont
SPA;Elda
SPA;Eril
SPA;Escalona
SPA;España
SPA;Estepa
SPA;Estremera
SPA;Ezpeleta de Veir
SPA;Feria
SPA;Fernan-Nuñez
SPA;Fernandina
SPA;Floridablanca
SPA;Francavilla
SPA;Fuenclara
SPA;Galisteo
SPA;Gand
SPA;Gavia
SPA;Glimes
SPA;Gor
SPA;Gramosa
SPA;Granada de Ega
SPA;Grande de Espana
SPA;Guadalcázar
SPA;Guadiana
SPA;Guaqui
SPA;Huescar
SPA;Humanes
SPA;Infantado
SPA;Irache
SPA;Laconi
SPA;Laurenzana
SPA;Lecera
SPA;Lede
SPA;Lerma
SPA;Linares
SPA;Losada
SPA;Lozoya
SPA;Lucera
SPA;Luna
SPA;Maceda
SPA;Malferit
SPA;Mandas y Villanueva
SPA;Maqueda
SPA;Medina-Sidonia
SPA;Medina de las Torres
SPA;Medinaceli
SPA;Miranda
SPA;Miranda del Castañar
SPA;Mirto
SPA;Misa
SPA;Mollina
SPA;Mondejar
SPA;Monforte
SPA;Monreal
SPA;Montalto
SPA;Montealegre
SPA;Montellano
SPA;Montemar
SPA;Montenegro
SPA;Morella
SPA;Mortara
SPA;Mos
SPA;Murillo
SPA;Najera
SPA;Narros
SPA;Nemi
SPA;Noblejar
SPA;Nochera
SPA;Oñate
SPA;Osuna
SPA;Oyra
SPA;Palata
SPA;Palizzi
SPA;Parcent
SPA;Pastrana
SPA;Peñaflor
SPA;Peñaranda de Duero
SPA;Peralada
SPA;Perales del Rio
SPA;Pescara
SPA;Pinohermoso
SPA;Plasencia
SPA;Popoli
SPA;Portago
SPA;Priego
SPA;Puebla de los Infantes
SPA;Puebla del Maestre
SPA;Puñonrostro
SPA;Quintanar
SPA;Rafal
SPA;la Rambla
SPA;el Real
SPA;Revilla Gigedo
SPA;Ripperda
SPA;el Riscal
SPA;Rivas
SPA;Rodezno
SPA;la Romana
SPA;Salandra
SPA;el Salar
SPA;Salvatierra de Alava
SPA;San Adrian
SPA;San Carlos
SPA;San Felices
SPA;San Fernando
SPA;San Fernando-Luis
SPA;San Fernando de Quiroga
SPA;San Juan
SPA;San Juan de Piedras Albas
SPA;San Lorenzo de Villahermoso
SPA;San Miguel
SPA;San Nicandro
SPA;San Pedro Galatino
SPA;San Vicente
SPA;Santa Coloma
SPA;Santa Cruz
SPA;Santangelo
SPA;Santillana
SPA;Santisteban del Puerto
SPA;Santo Buono
SPA;Santoña
SPA;Sastago
SPA;Segorbe
SPA;Sentmenat
SPA;Sessa
SPA;Sevillano
SPA;los Soidos
SPA;Solferino
SPA;Sotomayor
SPA;Superunda
SPA;T'Serclaes
SPA;Terranova
SPA;Toreno
SPA;Torre-Arias
SPA;Torrejón
SPA;Torrella
SPA;las Torres
SPA;las Torres de la Pressa
SPA;Trani
SPA;Uceda
SPA;Valdeolmos
SPA;Valparaiso
SPA;Vallecerrato
SPA;el Vasto
SPA;Velada
SPA;Vellisca
SPA;Veragua
SPA;Vergara
SPA;Via-Manuel
SPA;Villadarias
SPA;Villafranca
SPA;Villafranqueza
SPA;Villagonzalo
SPA;Villahermosa
SPA;Villamagna
SPA;Villanueva
SPA;Villapanes
SPA;Vitonton
SPA;Zaragosa
SPA;Zumalcarregui
SWE;Adlercreutz
SWE;Adlersparre
SWE;af Trolle
SWE;Åkerhielm
SWE;Alkmaar
SWE;Anckarström
SWE;Bagge
SWE;Bielke
SWE;Bonde
SWE;Brahe
SWE;Cronstedt
SWE;Dahlbergh
SWE;De Geer
SWE;De la Gardie
SWE;Deventer
SWE;Dufwa
SWE;Ehrenstrahl
SWE;Ehrensvärd
SWE;Eka
SWE;Flemming
SWE;Gathenheilm
SWE;Grip
SWE;Gustavsson
SWE;Gyllenheilm
SWE;Hahn
SWE;Hård
SWE;Hastfer
SWE;Hjärne
SWE;Horn
SWE;Jägerhorn
SWE;Klingspor
SWE;Leijonhufvud
SWE;Lewenhaupt
SWE;Liljencrantz
SWE;Lindschöld
SWE;Mannerheim
SWE;Oxenstierna
SWE;Palmstruch
SWE;Piper
SWE;Prinz
SWE;Ribbing
SWE;Sandels
SWE;Scheffer
SWE;Skytte
SWE;Stenbock
SWE;Stiernhielm
SWE;Stuart
SWE;Sture
SWE;Sture
SWE;Svantesson
SWE;Svarthandske
SWE;Swedenborg
SWE;Toll
SWE;Vaasa
SWE;von Aschberg
SWE;von Buddenbrock
SWE;von Fersen
SWE;von Krafft
SWE;von Stedingk
SWE;Wachtmeister
SWE;Wallenberg
SWE;Wittstock
TAU;Aung-Hla
TAU;Aung-San
TAU;Hla-Thein
TAU;Khin-Nyunt
TAU;Khun-Sa
TAU;Kwan-Kywa
TAU;Maung-Gyi
TAU;Maung-Win
TAU;Min-Tun
TAU;Ohn-Myint
TAU;Sein-Win
TAU;Than-Htay
TAU;Thet-Naung
TAU;U-Nu
TUR;Giray
TUR;Devlet
TUR;Huseyin
TUR;Beyazid
TUR;Harun
TUR;Oruc
TUR;Abdulhamit
TUR;Levend
TUR;Silhataroglu
TUR;Hasan
TUR;Fazil
TUR;Sait
TUR;Cevat
TUR;Halim
TUR;Galip
TUR;Bahadir
TUR;Sevket
TUR;Merzifonlu
TUR;Enver
TUR;Talat
TUR;Ismail
TUR;Kamil
TUR;Cengiz
TUR;Ali
TUR;Adnan
TUR;Mehmet
TUR;Abdullah
TUR;Salih
TUR;Tarik
TUR;Rahman
TUR;Mustafa
TUR;Murat
TUR;Saffet
TUR;Mahmut
TUR;Yusuf
TUR;Kazim
TUR;Iskender
TUR;Yavuz
TUR;Serhat
TUR;Ahmet
TUR;Yunus
TUR;Hayrettin
TUR;Kilic
TUR;Ozdemir
TUR;Yigit
TUR;Tahsin
TUR;Cuneyt
TUR;Aybars
TUR;Ziya
TUR;Sinan
TUR;Muhammed
TUR;Melik
TUR;Alparslan
TUR;Fuat
TUR;Kardzali
TUR;Sumer
TUR;Abdulaziz
TUR;Yasin
TUR;Yusuf
TUR;Aziz
TUR;Karim
TUR;Israf
TUR;Asruf
TUR;Omer
TUR;Ismail
TUR;Yaser
TUR;Turgut
TUR;Selim
TUR;Cemil
TUR;Eren
TUR;Halid
TUR;Bulent
TUR;Rahman
TUR;Kadir
TUR;Kemal
TUR;Kerim
TUR;Rum
TUR;Nasir
TUR;Muhtar
TUR;Veli
TUR;Abdulkerim
TUR;Iskand
TUR;Fahri
TUR;Dursun
TUR;Bakri
TUR;Karim
TUR;Israf
TUR;Halit
TUR;Asruf
TUR;Orhan
TUR;Ismail
TUR;Yasser
TUR;Turgut
TUR;Selim
TUR;Abdulrahman
TUR;Abdulbaki
TUR;Selahaddin
TUR;Alaaddin
TUR;Rahmi
TUR;Tevfik
TUR;Abdulhalik
TUR;Cenabettin
TUR;Sahabeddin
TUR;Ramazan
TUR;Bayram
TUR;Rami
TUR;Mecid
TUR;Kasim
TUR;Esref
TUR;Mithat
TUR;Resit
TUR;Saban
VEN;Abano
VEN;Agno
VEN;Argenta
VEN;Avogadro
VEN;Badoer
VEN;Bardolino
VEN;Barilla
VEN;Belfuno
VEN;Bembo
VEN;Beraldo
VEN;Bosco
VEN;Casanova
VEN;Cassandro
VEN;Castiglione
VEN;Cavalli
VEN;Cento
VEN;Chieregato
VEN;Comacchio
VEN;Contarini
VEN;Corfini
VEN;Corleone
VEN;Cornaro
VEN;Dandolo
VEN;Da Armer
VEN;Da Canal
VEN;Da Capua
VEN;De Blazio
VEN;De Rossi
VEN;Di Castrozza
VEN;Diedo
VEN;Dolfin
VEN;Emo
VEN;Erizzo
VEN;Ermelli
VEN;Fano
VEN;Ferme
VEN;Flangini
VEN;Foscarini
VEN;Gardone
VEN;Giudica
VEN;Giustani
VEN;Gradenigo
VEN;Grimani
VEN;Gritti
VEN;Idro
VEN;Iseo
VEN;Lando
VEN;Latisana
VEN;Lazzarini
VEN;Legnago
VEN;Lezzi
VEN;Lissa
VEN;Loredano
VEN;Magno
VEN;Mancini
VEN;Martinengo
VEN;Meduna
VEN;Memmo
VEN;Mezzo
VEN;Mincio
VEN;Minotto
VEN;Modigliano
VEN;Molini
VEN;Monfalcone
VEN;Navi
VEN;Oglio
VEN;Orsini
VEN;Panaro
VEN;Pesaro
VEN;Pezzini
VEN;Pontebba
VEN;Pramaggiore
VEN;Pret
VEN;Priuli
VEN;Querini
VEN;Raguse
VEN;Ruzzini
VEN;Sassetta
VEN;Savelli
VEN;Scariotto
VEN;Schio
VEN;Secco
VEN;Serego
VEN;Serio
VEN;Soranzo
VEN;Strassoldo
VEN;Sugaina
VEN;Tartaro
VEN;Tiepolo
VEN;Tolmezzo
VEN;Toscani
VEN;Trevisano
VEN;Troilo
VEN;Valieri
VEN;Verme
VEN;Volpe
VEN;Zaggin
VEN;Zanetto
VEN;Zara
VEN;Zeno
VEN;Zonin
VEN;Zorzi
VEN;Zustiniani
VIE;Amnouayphone
VIE;Khamtay
VIE;Phommasanh
VIE;Souphanouvong
WAL;Ion
WAL;Alin
WAL;Nicolae
WAL;Victor
WAL;Constantinescu
WAL;Traian
WAL;Aurelian
WAL;Bogdan
WAL;Daniel
WAL;Dinu
WAL;Decebal
WAL;Dumitru
WAL;Paul
WAL;Petre
WLS;Pembroke
WLS;Jones
WLS;Stradling
WLS;Herbert
WLS;Bulkeley
WLS;Powell
WLS;Vaughan
WLS;Griffith
WLS;Howell
WLS;Lloyd
WLS;Llewelyn
WLS;Hughes
WLS;Williams
WLS;Price
WLS;Owen
WLS;Morgan
WLS;Evans
WLS;Davies
WLS;Rhys
WUR;Arand v.Ackerfeld
WUR;Arlt
WUR;Berrer
WUR;Camerer
WUR;Fischer
WUR;Gaisberg
WUR;Grävenitz
WUR;Gültlingen
WUR;Hörner
WUR;Hoffmann
WUR;Hügel
WUR;Kechler-Schwandorf
WUR;Knoerzer
WUR;Majer
WUR;Miller
WUR;Niethammer
WUR;Rampacher
WUR;Reinhardt
WUR;Roschmann
WUR;Ruoff
WUR;Schmidt
WUR;Schwarz
WUR;Seeger
WUR;Soden
WUR;Sonntag
WUR;Sproesser
WUR;Stetten
WUR;Vischer
WUR;Wundt
WUR;Zeppelin
;
